symbol,name
ABGSEC,GSECS/GILT ETF
ABSL10BANK,BSE Top 10 Banks ETF
ABSLBANETF,Nifty Bank ETF
ABSLLIQUID,Overnight ETFs and Liquid ETF
ABSLMSCIN,MSCI India ETF
ABSLNN50ET,Nifty Next 50 ETF
ABSLPSE,Nifty PSE ETF
ALPHA,NIFTY Alpha 50 ETF
ALPHAETF,Nifty 200 Alpha 30 ETF
ALPL30IETF,Nifty Alpha Low-Volatility 30 ETF
AONEGOLD,GOLD ETF
AONELIQUID,Overnight ETFs and Liquid ETF
AONENIFTY,Nifty 50 ETF
AONESILVER,SILVER ETF
AONETMMQ50,Nifty Total Market Momentum Quality 50 ETF
AONETOTAL,Nifty Total Market ETF
AUTOBEES,Nifty Auto ETF
AUTOIETF,Nifty Auto ETF
BANK10ADD,BSE Top 10 Banks ETF
BANK10BETF,BSE Top 10 Banks ETF
BANKADD,Nifty Bank ETF
BANKBEES,Nifty Bank ETF
BANKBETA,Nifty Bank ETF
BANKBETF,Nifty Bank ETF
BANKETF,Nifty Bank ETF
BANKIETF,Nifty Bank ETF
BANKNIFTY1,Nifty Bank ETF
BANKPSU,Nifty PSU Bank ETF
BBETF0432,Bond ETF
BBNPNBETF,NIFTY Bank ETF
BBNPPGOLD,GOLD ETF
BFSI,Nifty Financial Services ETF
BNKETFAXIS,Nifty Bank ETF
BSE500IETF,BSE 500 ETF
BSLGOLDETF,GOLD ETF
BSLNIFTY,Nifty 50 ETF
BSLSENETFG,BSE SENSEX ETF
CASHIETF,Overnight ETFs and Liquid ETF
CEMNTGROWW,Nifty Cements ETF
CHEMICAL,Nifty Chemicals ETF
CHOICEGOLD,GOLD ETF
COMMOIETF,Nifty Commodities ETF
CONS,Nifty India Consumption ETF
CONSUMAXIS,Nifty India Consumption ETF
CONSUMBEES,Nifty India Consumption ETF
CONSUMER,Nifty India New Age Consumption ETF
CONSUMIETF,Nifty India Consumption ETF
CPSEETF,Nifty CPSE ETF
DEFENCE,BSE India Defence ETF
DIVIDEND,BSE 500 Dividend Leaders 50 ETF
DIVOPPBEES,Nifty Dividend Opportunities 50 ETF
EBANK10,BSE Top 10 Banks ETF
EBANKNIFTY,Nifty Bank ETF
EBBETF0430,Bond ETF
EBBETF0431,Bond ETF
EBBETF0433,Bond ETF
ECAPINSURE,BSE Capital Markets & Insurance ETF
EGOLD,GOLD ETF
ELIQUID,Overnight ETFs and Liquid ETF
ELM250,Nifty LargeMidcap 250 ETF
ELMDIV,BSE LargeMid (60:40) Stable Dividend 50 ETF
EMETAL,Nifty Metal ETF
EMULTIMQ,Nifty 500 Multicap Momentum Quality 50 ETF
ENERGY,Nifty Energy ETF
ENERGYAXIS,Nifty Energy ETF
ENEXT50,Nifty Next 50 ETF
ENIFTY,Nifty 50 ETF
EQUAL200,BSE 200 Equal Weight ETF
EQUAL50,Nifty 50 Equal Weight ETF
EQUAL50ADD,NIFTY 50 Equal Weight ETF
ESENSEX,BSE Sensex ETF
ESG,Nifty 100 ESG Sector Leaders ETF
ESILVER,SILVER ETF
EVIETF,Nifty EV and New Age Automotive ETF
EVINDIA,Nifty EV and New Age Automotive ETF
FINIETF,Nifty Financial Services Ex-Bank ETF
FLEXIADD,Nifty 500 Flexicap Quality 30 ETF
FMCGADD,Nifty FMCG ETF
FMCGIETF,Nifty FMCG ETF
GILT10BETA,GSECS/GILT ETF
GILT5BETA,GSECS/GILT ETF
GILT5YBEES,GSECS/GILT ETF
GOLD1,GOLD ETF
GOLD360,GOLD ETF
GOLDADD,GOLD ETF
GOLDAXIS,GOLD ETF
GOLDBEES,GOLD ETF
GOLDBETA,GOLD ETF
GOLDBND,GOLD ETF
GOLDCASE,GOLD ETF
GOLDETF,GOLD ETF
GOLDIETF,GOLD ETF
GROWWCAPM,Nifty Capital Market ETF
GROWWCHEM,Nifty Chemicals ETF
GROWWDEFNC,Nifty India Defence ETF
GROWWEV,Nifty EV and New Age Automotive ETF
GROWWGOLD,GOLD ETF
GROWWHOSPI,BSE Hospitals ETF
GROWWLIQID,Overnight ETFs and Liquid ETF
GROWWLOVOL,Nifty 500 Low Volatility 50 ETF
GROWWMC150,Nifty Midcap 150 ETF
GROWWMETAL,Nifty Metal ETF
GROWWMOM50,Nifty 500 Momentum 50 ETF
GROWWN200,Nifty 200 ETF
GROWWNET,Nifty India Internet ETF
GROWWNIFTY,Nifty 50 ETF
GROWWNXT50,Nifty Next 50 ETF
GROWWPOWER,BSE Power ETF
GROWWPSE,Nifty PSE ETF
GROWWPSUBK,Nifty PSU Bank ETF
GROWWRAIL,Nifty India Railways PSU ETF
GROWWRLTY,Nifty Realty ETF
GROWWSC250,Nifty Smallcap 250 ETF
GROWWSLVR,SILVER ETF
GSEC10ABSL,GSECS/GILT ETF
GSEC10ADD,GSECS/GILT ETF
GSEC10IETF,GSECS/GILT ETF
GSEC10YEAR,GSECS/GILT ETF
GSEC5IETF,GSECS/GILT ETF
HDFCBSE500,BSE 500 ETF
HDFCGOLD,GOLD ETF
HDFCGROWTH,Nifty Growth Sectors 15 ETF
HDFCLIQUID,Overnight ETFs and Liquid ETF
HDFCLOWVOL,Nifty 100 Low Volatility 30 ETF
HDFCMID150,Nifty Midcap 150 ETF
HDFCMOMENT,Nifty 200 Momentum 30 ETF
HDFCNEXT50,Nifty Next 50 ETF
HDFCNIF100,Nifty 100 ETF
HDFCNIFBAN,Nifty Bank ETF
HDFCNIFIT,Nifty IT ETF
HDFCNIFTY,Nifty 50 ETF
HDFCNIMEG,Nifty Metal ETF
HDFCPSUBK,Nifty PSU Bank ETF
HDFCPVTBAN,Nifty Private Bank ETF
HDFCQUAL,Nifty 100 Quality 30 ETF
HDFCSENSEX,BSE Sensex ETF
HDFCSILVER,SILVER ETF
HDFCSML250,Nifty Smallcap 250 ETF
HDFCVALUE,Nifty 50 Value 20 ETF
HEALTHADD,Nifty Healthcare ETF
HEALTHAXIS,Nifty Healthcare ETF
HEALTHCARE,Nifty 500 Healthcare ETF
HEALTHIETF,Nifty Healthcare ETF
HEALTHY,Nifty Healthcare ETF
HNGSNGBEES,Global Indices ETF
HSBCGOLD,GOLD ETF
HYBRIDETF,Equity/Debt ETF
ICICIB22,BSE BHARAT 22 ETF
IDFNIFTYET,Nifty 50 ETF
INFRA,Nifty India Infrastructure & Logistics ETF
INFRABEES,Nifty Infrastructure ETF
INFRAIETF,Nifty Infrastructure ETF
INSUREIETF,BSE Insurance ETF
INTERNET,Nifty India Internet ETF
IT,NIFTY IT ETF
ITADD,Nifty IT ETF
ITAXIS,Nifty IT ETF
ITBEES,Nifty IT ETF
ITBETA,Nifty IT ETF
ITETF,Nifty IT ETF
ITIETF,Nifty IT ETF
IVZBANKNF,Nifty Bank ETF
IVZINGOLD,GOLD ETF
IVZINNIFTY,Nifty 50 ETF
IVZSENSEX,BSE Sensex ETF
JUNIORBEES,Nifty Next 50 ETF
LARGEMID50,BSE LargeMid (60:40) Stable Dividend 50 ETF
LICMFGOLD,GOLD ETF
LICNETFGSC,GSECS/GILT ETF
LICNETFN50,Nifty 50 ETF
LICNETFSEN,BSE Sensex ETF
LICNFNHGP,Nifty 100 ETF
LICNMID100,Nifty Midcap 100 ETF
LIQGRWBEES,Overnight ETFs and Liquid ETF
LIQUID,Overnight ETFs and Liquid ETF
LIQUID1,Overnight ETFs and Liquid ETF
LIQUIDADD,Overnight ETFs and Liquid ETF
LIQUIDBEES,Overnight ETFs and Liquid ETF
LIQUIDBETA,Overnight ETFs and Liquid ETF
LIQUIDBETF,Overnight ETFs and Liquid ETF
LIQUIDCASE,Overnight ETFs and Liquid ETF
LIQUIDETF,Overnight ETFs and Liquid ETF
LIQUIDIETF,Overnight ETFs and Liquid ETF
LIQUIDPLUS,Overnight ETFs and Liquid ETF
LIQUIDSBI,Overnight ETFs and Liquid ETF
LIQUIDSHRI,Overnight ETFs and Liquid ETF
LOWVOL,Nifty 100 Low Volatility 30 ETF
LOWVOL1,NIFTY 100 Low Volatility 30 ETF
LOWVOLIETF,Nifty 100 Low Volatility 30 ETF
LTGILTBEES,GSECS/GILT ETF
LTGILTCASE,GSECS/GILT ETF
MAFANG,Global Indices ETF
MAHKTECH,Global Indices ETF
MAKEINDIA,Nifty India Manufacturing ETF
MANUFGBEES,Nifty India Manufacturing ETF
MASPTOP50,Global Indices ETF
METAL,Nifty Metal ETF
METALIETF,Nifty Metal ETF
MID150,Nifty Midcap 150 ETF
MID150BEES,Nifty Midcap 150 ETF
MID150CASE,Nifty Midcap 150 ETF
MIDBANKADD,BSE MidSmall Private Banks ETF
MIDCAP,NIFTY Midcap 50 ETF
MIDCAPADD,Nifty Midcap 150 ETF
MIDCAPBETA,Nifty Midcap 150 ETF
MIDCAPETF,Nifty Midcap 150 ETF
MIDCAPIETF,Nifty Midcap 150 ETF
MIDQ50ADD,Nifty Midcap 150 Quality 50 ETF
MIDSELIETF,BSE Midcap Select ETF
MIDSMALL,Nifty MidSmallcap400 Momentum Quality 100 ETF
MNC,Nifty MNC ETF
MOALPHA50,Nifty Alpha 50 ETF
MOBANK10,BSE Top 10 Banks ETF
MOCAPITAL,Nifty Capital Market ETF
MODEFENCE,Nifty India Defence ETF
MOENERGY,Nifty Energy ETF
MOGOLD,GOLD ETF
MOGSEC,GSECS/GILT ETF
MOHEALTH,BSE Healthcare ETF
MOINFRA,BSE India Infrastructure ETF
MOIPO,BSE Select IPO ETF
MOLOWVOL,Nifty Midcap 100 ETF
MOM100,Nifty Midcap 100 ETF
MOM30IETF,Nifty 200 Momentum 30 ETF
MOM50,Nifty 50 ETF
MOMENTUM,Nifty 200 Momentum 30 ETF
MOMENTUM30,Nifty 200 Momentum 30 ETF
MOMENTUM50,Nifty 500 Momentum 50 ETF
MOMETAL,Nifty Metal ETF
MOMGF,Nifty India Manufacturing ETF
MOMIDMTM,Nifty Midcap 150 Momentum 50 ETF
MOMMIDCAP,BSE Midcap 150 Momentum 30 ETF
MOMNC,Nifty MNC ETF
MOMOMENTUM,Nifty 200 Momentum 30 ETF
MON100,Global Indices ETF
MON50EQUAL,NIFTY 50 Equal Weight ETF
MONEXT50,Nifty Next 50 ETF
MONIFTY100,Nifty 100 ETF
MONIFTY500,Nifty 500 ETF
MONQ50,Global Indices ETF
MOOILGAS,Nifty Oil & Gas ETF
MOPSE,Nifty PSE ETF
MOQUALITY,BSE Quality ETF
MOREALTY,Nifty Realty ETF
MOSERVICE,Nifty Services Sector ETF
MOSILVER,SILVER ETF
MOSMALL250,Nifty Smallcap 250 ETF
MOTOUR,Nifty India Tourism ETF
MOVALUE,BSE Enhanced Value ETF
MSCI360,MSCI India ETF
MSCIADD,MSCI India ETF
MSCIINDIA,MSCI India ETF
MULTICAP,Nifty 500 Multicap 50:25:25 ETF
NETF,Nifty 50 ETF
NEXT30ADD,BSE SENSEX Next 30 ETF
NEXT50,Nifty Next 50 ETF
NEXT50ADD,Nifty Next 50 ETF
NEXT50BETA,Nifty Next 50 ETF
NEXT50ETF,Nifty Next 50 ETF
NEXT50IETF,Nifty Next 50 ETF
NIF100BEES,Nifty 100 ETF
NIF100IETF,Nifty 100 ETF
NIF500BETA,Nifty 500 ETF
NIFTY1,Nifty 50 ETF
NIFTY100EW,Nifty 100 Equal Weight ETF
NIFTYADD,Nifty 50 ETF
NIFTYAXIS,Nifty 50 ETF
NIFTYBEES,Nifty 50 ETF
NIFTYBETA,Nifty 50 ETF
NIFTYBETF,Nifty 50 ETF
NIFTYCASE,Nifty 50 ETF
NIFTYETF,Nifty 50 ETF
NIFTYIETF,Nifty 50 ETF
NIFTYJBLK,Nifty 50 ETF
NIFTYQLITY,Nifty 200 Quality 30 ETF
NPBET,Nifty Private Bank ETF
NV20,Nifty 50 Value 20 ETF
NV20BEES,Nifty 50 Value 20 ETF
NV20IETF,Nifty 50 Value 20 ETF
OILIETF,Nifty Oil & Gas ETF
PHARMABEES,Nifty Pharma ETF
PSUBANK,Nifty PSU Bank ETF
PSUBANKADD,Nifty PSU Bank ETF
PSUBNKBEES,Nifty PSU Bank ETF
PSUBNKIETF,Nifty PSU Bank ETF
PVTBANIETF,Nifty Private Bank ETF
PVTBANK,Nifty Private Bank ETF
PVTBANKADD,Nifty Private Bank ETF
PVTBKGROWW,Nifty Private Bank ETF
QGOLDHALF,GOLD ETF
QNIFTY,Nifty 50 ETF
QUAL30IETF,Nifty 200 Quality 30 ETF
QUALITY30,Nifty 200 Quality 30 ETF
SBIBPB,BSE PSU Bank ETF
SBIETFCON,Nifty India Consumption ETF
SBIETFIT,Nifty IT ETF
SBIETFPB,Nifty Private Bank ETF
SBIETFQLTY,Nifty 200 Quality 30 ETF
SBILIQETF,Overnight ETFs and Liquid ETF
SBIMIDMOM,Nifty Midcap 150 Momentum 50 ETF
SBINEQWETF,Nifty 50 Equal Weight ETF
SBINMID150,Nifty Midcap 150 ETF
SBISILVER,SILVER ETF
SBISMLETF,Nifty Smallcap 250 ETF
SBIVALETF,Nifty 200 Value 30 ETF
SECLEDBETA,BSE India Sector Leaders TRI ETF
SELECTIPO,BSE Select IPO ETF
SENSEXADD,BSE Sensex ETF
SENSEXAXIS,BSE Sensex ETF
SENSEXBETA,BSE Sensex ETF
SENSEXETF,BSE Sensex ETF
SENSEXIETF,BSE Sensex ETF
SETF10GILT,GSECS/GILT ETF
SETFGOLD,GOLD ETF
SETFNIF50,Nifty 50 ETF
SETFNIFBK,Nifty Bank ETF
SETFNN50,Nifty Next 50 ETF
SHARIABEES,Nifty 50 Shariah ETF
SILVER,SILVER ETF
SILVER001,SILVER ETF
SILVER1,SILVER ETF
SILVER360,SILVER ETF
SILVERADD,SILVER ETF
SILVERAG,SILVER ETF
SILVERAXIS,SILVER ETF
SILVERBEES,SILVER ETF
SILVERBETA,SILVER ETF
SILVERBND,SILVER ETF
SILVERCASE,SILVER ETF
SILVERIETF,SILVER ETF
SMALL250,Nifty Smallcap 250 ETF
SMALLADD,Nifty Smallcap 250 ETF
SMALLCAP,Nifty Smallcap 250 Momentum Quality 100 ETF
SMALLGROWW,Nifty Smallcap 250 Momentum Quality 100 ETF
SMALLIETF,Nifty Smallcap 250 ETF
SML100CASE,Nifty Smallcap100 ETF
SNXT30BEES,BSE Sensex Next 30 ETF
SNXT50BETA,BSE SENSEX Next 50 ETF
TATAGOLD,GOLD ETF
TATSILV,SILVER ETF
TECH,Nifty IT ETF
TNIDETF,Nifty Private Bank ETF
TOP100CASE,Nifty 100 ETF
TOP10ADD,Nifty Top 10 Equal Weight ETF
TOP15IETF,Nifty Top 15 Equal Weight ETF
TOP20,Nifty Top 20 Equal Weight ETF
TWCGOLDETF,GOLD ETF
UNIONGOLD,GOLD ETF
VAL30IETF,Nifty 200 Value 30 ETF
VALUE,Nifty 500 Value 50 ETF
VALUEAXIS,Nifty 500 Value 50 ETF
